Workbook

Sheet Loan_Data
A1: Loan_ID | B1: Gender | C1: Married | D1: Dependents | E1: Education | F1: Self_Employed | G1: ApplicantIncome | H1: CoapplicantIncome | I1: LoanAmount | J1: Loan_Amount_Term | K1: Credit_History | L1: Property_Area | M1: Loan_Status | N1: Total_Income | O1: Income_Group | P1: Loan_Status_Label | Q1: Credit_Risk
A2: LP001002 | B2: Male | C2: No | D2: 0 | E2: Graduate | F2: No | G2: 5849 | H2: 0 | I2: 128 | J2: 360 | K2: 1 | L2: Urban | M2: Y | N2: =G2+H2 -> 5849 | O2: =IF(N2<2500,"Low",IF(N2<5000,"Medium",IF(N2<10000,"High","Very High"))) -> High | P2: =IF(M2="Y","Approved","Rejected") -> Approved | Q2: =IF(K2=1,"Low Risk","High Risk") -> Low Risk
A3: LP001003 | B3: Male | C3: Yes | D3: 1 | E3: Graduate | F3: No | G3: 4583 | H3: 1508 | I3: 128 | J3: 360 | K3: 1 | L3: Rural | M3: N | N3: =G3+H3 -> 6091 | O3: =IF(N3<2500,"Low",IF(N3<5000,"Medium",IF(N3<10000,"High","Very High"))) -> High | P3: =IF(M3="Y","Approved","Rejected") -> Rejected | Q3: =IF(K3=1,"Low Risk","High Risk") -> Low Risk
A4: LP001005 | B4: Male | C4: Yes | D4: 0 | E4: Graduate | F4: Yes | G4: 3000 | H4: 0 | I4: 66 | J4: 360 | K4: 1 | L4: Urban | M4: Y | N4: =G4+H4 -> 3000 | O4: =IF(N4<2500,"Low",IF(N4<5000,"Medium",IF(N4<10000,"High","Very High"))) -> Medium | P4: =IF(M4="Y","Approved","Rejected") -> Approved | Q4: =IF(K4=1,"Low Risk","High Risk") -> Low Risk
A5: LP001006 | B5: Male | C5: Yes | D5: 0 | E5: Not Graduate | F5: No | G5: 2583 | H5: 2358 | I5: 120 | J5: 360 | K5: 1 | L5: Urban | M5: Y | N5: =G5+H5 -> 4941 | O5: =IF(N5<2500,"Low",IF(N5<5000,"Medium",IF(N5<10000,"High","Very High"))) -> Medium | P5: =IF(M5="Y","Approved","Rejected") -> Approved | Q5: =IF(K5=1,"Low Risk","High Risk") -> Low Risk
A6: LP001008 | B6: Male | C6: No | D6: 0 | E6: Graduate | F6: No | G6: 6000 | H6: 0 | I6: 141 | J6: 360 | K6: 1 | L6: Urban | M6: Y | N6: =G6+H6 -> 6000 | O6: =IF(N6<2500,"Low",IF(N6<5000,"Medium",IF(N6<10000,"High","Very High"))) -> High | P6: =IF(M6="Y","Approved","Rejected") -> Approved | Q6: =IF(K6=1,"Low Risk","High Risk") -> Low Risk
A7: LP001011 | B7: Male | C7: Yes | D7: 2 | E7: Graduate | F7: Yes | G7: 5417 | H7: 4196 | I7: 267 | J7: 360 | K7: 1 | L7: Urban | M7: Y | N7: =G7+H7 -> 9613 | O7: =IF(N7<2500,"Low",IF(N7<5000,"Medium",IF(N7<10000,"High","Very High"))) -> High | P7: =IF(M7="Y","Approved","Rejected") -> Approved | Q7: =IF(K7=1,"Low Risk","High Risk") -> Low Risk
A8: LP001013 | B8: Male | C8: Yes | D8: 0 | E8: Not Graduate | F8: No | G8: 2333 | H8: 1516 | I8: 95 | J8: 360 | K8: 1 | L8: Urban | M8: Y | N8: =G8+H8 -> 3849 | O8: =IF(N8<2500,"Low",IF(N8<5000,"Medium",IF(N8<10000,"High","Very High"))) -> Medium | P8: =IF(M8="Y","Approved","Rejected") -> Approved | Q8: =IF(K8=1,"Low Risk","High Risk") -> Low Risk
A9: LP001014 | B9: Male | C9: Yes | D9: 3+ | E9: Graduate | F9: No | G9: 3036 | H9: 2504 | I9: 158 | J9: 360 | K9: 0 | L9: Semiurban | M9: N | N9: =G9+H9 -> 5540 | O9: =IF(N9<2500,"Low",IF(N9<5000,"Medium",IF(N9<10000,"High","Very High"))) -> High | P9: =IF(M9="Y","Approved","Rejected") -> Rejected | Q9: =IF(K9=1,"Low Risk","High Risk") -> High Risk
A10: LP001018 | B10: Male | C10: Yes | D10: 2 | E10: Graduate | F10: No | G10: 4006 | H10: 1526 | I10: 168 | J10: 360 | K10: 1 | L10: Urban | M10: Y | N10: =G10+H10 -> 5532 | O10: =IF(N10<2500,"Low",IF(N10<5000,"Medium",IF(N10<10000,"High","Very High"))) -> High | P10: =IF(M10="Y","Approved","Rejected") -> Approved | Q10: =IF(K10=1,"Low Risk","High Risk") -> Low Risk
A11: LP001020 | B11: Male | C11: Yes | D11: 1 | E11: Graduate | F11: No | G11: 12841 | H11: 10968 | I11: 349 | J11: 360 | K11: 1 | L11: Semiurban | M11: N | N11: =G11+H11 -> 23809 | O11: =IF(N11<2500,"Low",IF(N11<5000,"Medium",IF(N11<10000,"High","Very High"))) -> Very High | P11: =IF(M11="Y","Approved","Rejected") -> Rejected | Q11: =IF(K11=1,"Low Risk","High Risk") -> Low Risk
A12: LP001024 | B12: Male | C12: Yes | D12: 2 | E12: Graduate | F12: No | G12: 3200 | H12: 700 | I12: 70 | J12: 360 | K12: 1 | L12: Urban | M12: Y | N12: =G12+H12 -> 3900 | O12: =IF(N12<2500,"Low",IF(N12<5000,"Medium",IF(N12<10000,"High","Very High"))) -> Medium | P12: =IF(M12="Y","Approved","Rejected") -> Approved | Q12: =IF(K12=1,"Low Risk","High Risk") -> Low Risk
A13: LP001027 | B13: Male | C13: Yes | D13: 2 | E13: Graduate | G13: 2500 | H13: 1840 | I13: 109 | J13: 360 | K13: 1 | L13: Urban | M13: Y | N13: =G13+H13 -> 4340 | O13: =IF(N13<2500,"Low",IF(N13<5000,"Medium",IF(N13<10000,"High","Very High"))) -> Medium | P13: =IF(M13="Y","Approved","Rejected") -> Approved | Q13: =IF(K13=1,"Low Risk","High Risk") -> Low Risk
A14: LP001028 | B14: Male | C14: Yes | D14: 2 | E14: Graduate | F14: No | G14: 3073 | H14: 8106 | I14: 200 | J14: 360 | K14: 1 | L14: Urban | M14: Y | N14: =G14+H14 -> 11179 | O14: =IF(N14<2500,"Low",IF(N14<5000,"Medium",IF(N14<10000,"High","Very High"))) -> Very High | P14: =IF(M14="Y","Approved","Rejected") -> Approved | Q14: =IF(K14=1,"Low Risk","High Risk") -> Low Risk
A15: LP001029 | B15: Male | C15: No | D15: 0 | E15: Graduate | F15: No | G15: 1853 | H15: 2840 | I15: 114 | J15: 360 | K15: 1 | L15: Rural | M15: N | N15: =G15+H15 -> 4693 | O15: =IF(N15<2500,"Low",IF(N15<5000,"Medium",IF(N15<10000,"High","Very High"))) -> Medium | P15: =IF(M15="Y","Approved","Rejected") -> Rejected | Q15: =IF(K15=1,"Low Risk","High Risk") -> Low Risk
A16: LP001030 | B16: Male | C16: Yes | D16: 2 | E16: Graduate | F16: No | G16: 1299 | H16: 1086 | I16: 17 | J16: 120 | K16: 1 | L16: Urban | M16: Y | N16: =G16+H16 -> 2385 | O16: =IF(N16<2500,"Low",IF(N16<5000,"Medium",IF(N16<10000,"High","Very High"))) -> Low | P16: =IF(M16="Y","Approved","Rejected") -> Approved | Q16: =IF(K16=1,"Low Risk","High Risk") -> Low Risk
A17: LP001032 | B17: Male | C17: No | D17: 0 | E17: Graduate | F17: No | G17: 4950 | H17: 0 | I17: 125 | J17: 360 | K17: 1 | L17: Urban | M17: Y | N17: =G17+H17 -> 4950 | O17: =IF(N17<2500,"Low",IF(N17<5000,"Medium",IF(N17<10000,"High","Very High"))) -> Medium | P17: =IF(M17="Y","Approved","Rejected") -> Approved | Q17: =IF(K17=1,"Low Risk","High Risk") -> Low Risk
A18: LP001034 | B18: Male | C18: No | D18: 1 | E18: Not Graduate | F18: No | G18: 3596 | H18: 0 | I18: 100 | J18: 240 | K18: 1 | L18: Urban | M18: Y | N18: =G18+H18 -> 3596 | O18: =IF(N18<2500,"Low",IF(N18<5000,"Medium",IF(N18<10000,"High","Very High"))) -> Medium | P18: =IF(M18="Y","Approved","Rejected") -> Approved | Q18: =IF(K18=1,"Low Risk","High Risk") -> Low Risk
A19: LP001036 | B19: Female | C19: No | D19: 0 | E19: Graduate | F19: No | G19: 3510 | H19: 0 | I19: 76 | J19: 360 | K19: 0 | L19: Urban | M19: N | N19: =G19+H19 -> 3510 | O19: =IF(N19<2500,"Low",IF(N19<5000,"Medium",IF(N19<10000,"High","Very High"))) -> Medium | P19: =IF(M19="Y","Approved","Rejected") -> Rejected | Q19: =IF(K19=1,"Low Risk","High Risk") -> High Risk
A20: LP001038 | B20: Male | C20: Yes | D20: 0 | E20: Not Graduate | F20: No | G20: 4887 | H20: 0 | I20: 133 | J20: 360 | K20: 1 | L20: Rural | M20: N | N20: =G20+H20 -> 4887 | O20: =IF(N20<2500,"Low",IF(N20<5000,"Medium",IF(N20<10000,"High","Very High"))) -> Medium | P20: =IF(M20="Y","Approved","Rejected") -> Rejected | Q20: =IF(K20=1,"Low Risk","High Risk") -> Low Risk
A21: LP001041 | B21: Male | C21: Yes | D21: 0 | E21: Graduate | G21: 2600 | H21: 3500 | I21: 115 | J21: 360 | K21: 1 | L21: Urban | M21: Y | N21: =G21+H21 -> 6100 | O21: =IF(N21<2500,"Low",IF(N21<5000,"Medium",IF(N21<10000,"High","Very High"))) -> High | P21: =IF(M21="Y","Approved","Rejected") -> Approved | Q21: =IF(K21=1,"Low Risk","High Risk") -> Low Risk
A22: LP001043 | B22: Male | C22: Yes | D22: 0 | E22: Not Graduate | F22: No | G22: 7660 | H22: 0 | I22: 104 | J22: 360 | K22: 0 | L22: Urban | M22: N | N22: =G22+H22 -> 7660 | O22: =IF(N22<2500,"Low",IF(N22<5000,"Medium",IF(N22<10000,"High","Very High"))) -> High | P22: =IF(M22="Y","Approved","Rejected") -> Rejected | Q22: =IF(K22=1,"Low Risk","High Risk") -> High Risk
A23: LP001046 | B23: Male | C23: Yes | D23: 1 | E23: Graduate | F23: No | G23: 5955 | H23: 5625 | I23: 315 | J23: 360 | K23: 1 | L23: Urban | M23: Y | N23: =G23+H23 -> 11580 | O23: =IF(N23<2500,"Low",IF(N23<5000,"Medium",IF(N23<10000,"High","Very High"))) -> Very High | P23: =IF(M23="Y","Approved","Rejected") -> Approved | Q23: =IF(K23=1,"Low Risk","High Risk") -> Low Risk
A24: LP001047 | B24: Male | C24: Yes | D24: 0 | E24: Not Graduate | F24: No | G24: 2600 | H24: 1911 | I24: 116 | J24: 360 | K24: 0 | L24: Semiurban | M24: N | N24: =G24+H24 -> 4511 | O24: =IF(N24<2500,"Low",IF(N24<5000,"Medium",IF(N24<10000,"High","Very High"))) -> Medium | P24: =IF(M24="Y","Approved","Rejected") -> Rejected | Q24: =IF(K24=1,"Low Risk","High Risk") -> High Risk
A25: LP001050 | B25: Male | C25: Yes | D25: 2 | E25: Not Graduate | F25: No | G25: 3365 | H25: 1917 | I25: 112 | J25: 360 | K25: 0 | L25: Rural | M25: N | N25: =G25+H25 -> 5282 | O25: =IF(N25<2500,"Low",IF(N25<5000,"Medium",IF(N25<10000,"High","Very High"))) -> High | P25: =IF(M25="Y","Approved","Rejected") -> Rejected | Q25: =IF(K25=1,"Low Risk","High Risk") -> High Risk
A26: LP001052 | B26: Male | C26: Yes | D26: 1 | E26: Graduate | G26: 3717 | H26: 2925 | I26: 151 | J26: 360 | K26: 1 | L26: Semiurban | M26: N | N26: =G26+H26 -> 6642 | O26: =IF(N26<2500,"Low",IF(N26<5000,"Medium",IF(N26<10000,"High","Very High"))) -> High | P26: =IF(M26="Y","Approved","Rejected") -> Rejected | Q26: =IF(K26=1,"Low Risk","High Risk") -> Low Risk
A27: LP001066 | B27: Male | C27: Yes | D27: 0 | E27: Graduate | F27: Yes | G27: 9560 | H27: 0 | I27: 191 | J27: 360 | K27: 1 | L27: Semiurban | M27: Y | N27: =G27+H27 -> 9560 | O27: =IF(N27<2500,"Low",IF(N27<5000,"Medium",IF(N27<10000,"High","Very High"))) -> High | P27: =IF(M27="Y","Approved","Rejected") -> Approved | Q27: =IF(K27=1,"Low Risk","High Risk") -> Low Risk
A28: LP001068 | B28: Male | C28: Yes | D28: 0 | E28: Graduate | F28: No | G28: 2799 | H28: 2253 | I28: 122 | J28: 360 | K28: 1 | L28: Semiurban | M28: Y | N28: =G28+H28 -> 5052 | O28: =IF(N28<2500,"Low",IF(N28<5000,"Medium",IF(N28<10000,"High","Very High"))) -> High | P28: =IF(M28="Y","Approved","Rejected") -> Approved | Q28: =IF(K28=1,"Low Risk","High Risk") -> Low Risk
A29: LP001073 | B29: Male | C29: Yes | D29: 2 | E29: Not Graduate | F29: No | G29: 4226 | H29: 1040 | I29: 110 | J29: 360 | K29: 1 | L29: Urban | M29: Y | N29: =G29+H29 -> 5266 | O29: =IF(N29<2500,"Low",IF(N29<5000,"Medium",IF(N29<10000,"High","Very High"))) -> High | P29: =IF(M29="Y","Approved","Rejected") -> Approved | Q29: =IF(K29=1,"Low Risk","High Risk") -> Low Risk
A30: LP001086 | B30: Male | C30: No | D30: 0 | E30: Not Graduate | F30: No | G30: 1442 | H30: 0 | I30: 35 | J30: 360 | K30: 1 | L30: Urban | M30: N | N30: =G30+H30 -> 1442 | O30: =IF(N30<2500,"Low",IF(N30<5000,"Medium",IF(N30<10000,"High","Very High"))) -> Low | P30: =IF(M30="Y","Approved","Rejected") -> Rejected | Q30: =IF(K30=1,"Low Risk","High Risk") -> Low Risk
A31: LP001087 | B31: Female | C31: No | D31: 2 | E31: Graduate | G31: 3750 | H31: 2083 | I31: 120 | J31: 360 | K31: 1 | L31: Semiurban | M31: Y | N31: =G31+H31 -> 5833 | O31: =IF(N31<2500,"Low",IF(N31<5000,"Medium",IF(N31<10000,"High","Very High"))) -> High | P31: =IF(M31="Y","Approved","Rejected") -> Approved | Q31: =IF(K31=1,"Low Risk","High Risk") -> Low Risk
A32: LP001091 | B32: Male | C32: Yes | D32: 1 | E32: Graduate | G32: 4166 | H32: 3369 | I32: 201 | J32: 360 | K32: 1 | L32: Urban | M32: N | N32: =G32+H32 -> 7535 | O32: =IF(N32<2500,"Low",IF(N32<5000,"Medium",IF(N32<10000,"High","Very High"))) -> High | P32: =IF(M32="Y","Approved","Rejected") -> Rejected | Q32: =IF(K32=1,"Low Risk","High Risk") -> Low Risk
A33: LP001095 | B33: Male | C33: No | D33: 0 | E33: Graduate | F33: No | G33: 3167 | H33: 0 | I33: 74 | J33: 360 | K33: 1 | L33: Urban | M33: N | N33: =G33+H33 -> 3167 | O33: =IF(N33<2500,"Low",IF(N33<5000,"Medium",IF(N33<10000,"High","Very High"))) -> Medium | P33: =IF(M33="Y","Approved","Rejected") -> Rejected | Q33: =IF(K33=1,"Low Risk","High Risk") -> Low Risk
A34: LP001097 | B34: Male | C34: No | D34: 1 | E34: Graduate | F34: Yes | G34: 4692 | H34: 0 | I34: 106 | J34: 360 | K34: 1 | L34: Rural | M34: N | N34: =G34+H34 -> 4692 | O34: =IF(N34<2500,"Low",IF(N34<5000,"Medium",IF(N34<10000,"High","Very High"))) -> Medium | P34: =IF(M34="Y","Approved","Rejected") -> Rejected | Q34: =IF(K34=1,"Low Risk","High Risk") -> Low Risk
A35: LP001098 | B35: Male | C35: Yes | D35: 0 | E35: Graduate | F35: No | G35: 3500 | H35: 1667 | I35: 114 | J35: 360 | K35: 1 | L35: Semiurban | M35: Y | N35: =G35+H35 -> 5167 | O35: =IF(N35<2500,"Low",IF(N35<5000,"Medium",IF(N35<10000,"High","Very High"))) -> High | P35: =IF(M35="Y","Approved","Rejected") -> Approved | Q35: =IF(K35=1,"Low Risk","High Risk") -> Low Risk
A36: LP001100 | B36: Male | C36: No | D36: 3+ | E36: Graduate | F36: No | G36: 12500 | H36: 3000 | I36: 320 | J36: 360 | K36: 1 | L36: Rural | M36: N | N36: =G36+H36 -> 15500 | O36: =IF(N36<2500,"Low",IF(N36<5000,"Medium",IF(N36<10000,"High","Very High"))) -> Very High | P36: =IF(M36="Y","Approved","Rejected") -> Rejected | Q36: =IF(K36=1,"Low Risk","High Risk") -> Low Risk
A37: LP001106 | B37: Male | C37: Yes | D37: 0 | E37: Graduate | F37: No | G37: 2275 | H37: 2067 | I37: 128 | J37: 360 | K37: 1 | L37: Urban | M37: Y | N37: =G37+H37 -> 4342 | O37: =IF(N37<2500,"Low",IF(N37<5000,"Medium",IF(N37<10000,"High","Very High"))) -> Medium | P37: =IF(M37="Y","Approved","Rejected") -> Approved | Q37: =IF(K37=1,"Low Risk","High Risk") -> Low Risk
A38: LP001109 | B38: Male | C38: Yes | D38: 0 | E38: Graduate | F38: No | G38: 1828 | H38: 1330 | I38: 100 | J38: 360 | K38: 0 | L38: Urban | M38: N | N38: =G38+H38 -> 3158 | O38: =IF(N38<2500,"Low",IF(N38<5000,"Medium",IF(N38<10000,"High","Very High"))) -> Medium | P38: =IF(M38="Y","Approved","Rejected") -> Rejected | Q38: =IF(K38=1,"Low Risk","High Risk") -> High Risk
A39: LP001112 | B39: Female | C39: Yes | D39: 0 | E39: Graduate | F39: No | G39: 3667 | H39: 1459 | I39: 144 | J39: 360 | K39: 1 | L39: Semiurban | M39: Y | N39: =G39+H39 -> 5126 | O39: =IF(N39<2500,"Low",IF(N39<5000,"Medium",IF(N39<10000,"High","Very High"))) -> High | P39: =IF(M39="Y","Approved","Rejected") -> Approved | Q39: =IF(K39=1,"Low Risk","High Risk") -> Low Risk
A40: LP001114 | B40: Male | C40: No | D40: 0 | E40: Graduate | F40: No | G40: 4166 | H40: 7210 | I40: 184 | J40: 360 | K40: 1 | L40: Urban | M40: Y | N40: =G40+H40 -> 11376 | O40: =IF(N40<2500,"Low",IF(N40<5000,"Medium",IF(N40<10000,"High","Very High"))) -> Very High | P40: =IF(M40="Y","Approved","Rejected") -> Approved | Q40: =IF(K40=1,"Low Risk","High Risk") -> Low Risk
A41: LP001116 | B41: Male | C41: No | D41: 0 | E41: Not Graduate | F41: No | G41: 3748 | H41: 1668 | I41: 110 | J41: 360 | K41: 1 | L41: Semiurban | M41: Y | N41: =G41+H41 -> 5416 | O41: =IF(N41<2500,"Low",IF(N41<5000,"Medium",IF(N41<10000,"High","Very High"))) -> High | P41: =IF(M41="Y","Approved","Rejected") -> Approved | Q41: =IF(K41=1,"Low Risk","High Risk") -> Low Risk
A42: LP001119 | B42: Male | C42: No | D42: 0 | E42: Graduate | F42: No | G42: 3600 | H42: 0 | I42: 80 | J42: 360 | K42: 1 | L42: Urban | M42: N | N42: =G42+H42 -> 3600 | O42: =IF(N42<2500,"Low",IF(N42<5000,"Medium",IF(N42<10000,"High","Very High"))) -> Medium | P42: =IF(M42="Y","Approved","Rejected") -> Rejected | Q42: =IF(K42=1,"Low Risk","High Risk") -> Low Risk
A43: LP001120 | B43: Male | C43: No | D43: 0 | E43: Graduate | F43: No | G43: 1800 | H43: 1213 | I43: 47 | J43: 360 | K43: 1 | L43: Urban | M43: Y | N43: =G43+H43 -> 3013 | O43: =IF(N43<2500,"Low",IF(N43<5000,"Medium",IF(N43<10000,"High","Very High"))) -> Medium | P43: =IF(M43="Y","Approved","Rejected") -> Approved | Q43: =IF(K43=1,"Low Risk","High Risk") -> Low Risk
A44: LP001123 | B44: Male | C44: Yes | D44: 0 | E44: Graduate | F44: No | G44: 2400 | H44: 0 | I44: 75 | J44: 360 | K44: 1 | L44: Urban | M44: Y | N44: =G44+H44 -> 2400 | O44: =IF(N44<2500,"Low",IF(N44<5000,"Medium",IF(N44<10000,"High","Very High"))) -> Low | P44: =IF(M44="Y","Approved","Rejected") -> Approved | Q44: =IF(K44=1,"Low Risk","High Risk") -> Low Risk
A45: LP001131 | B45: Male | C45: Yes | D45: 0 | E45: Graduate | F45: No | G45: 3941 | H45: 2336 | I45: 134 | J45: 360 | K45: 1 | L45: Semiurban | M45: Y | N45: =G45+H45 -> 6277 | O45: =IF(N45<2500,"Low",IF(N45<5000,"Medium",IF(N45<10000,"High","Very High"))) -> High | P45: =IF(M45="Y","Approved","Rejected") -> Approved | Q45: =IF(K45=1,"Low Risk","High Risk") -> Low Risk
A46: LP001136 | B46: Male | C46: Yes | D46: 0 | E46: Not Graduate | F46: Yes | G46: 4695 | H46: 0 | I46: 96 | J46: 360 | K46: 1 | L46: Urban | M46: Y | N46: =G46+H46 -> 4695 | O46: =IF(N46<2500,"Low",IF(N46<5000,"Medium",IF(N46<10000,"High","Very High"))) -> Medium | P46: =IF(M46="Y","Approved","Rejected") -> Approved | Q46: =IF(K46=1,"Low Risk","High Risk") -> Low Risk
A47: LP001137 | B47: Female | C47: No | D47: 0 | E47: Graduate | F47: No | G47: 3410 | H47: 0 | I47: 88 | J47: 360 | K47: 1 | L47: Urban | M47: Y | N47: =G47+H47 -> 3410 | O47: =IF(N47<2500,"Low",IF(N47<5000,"Medium",IF(N47<10000,"High","Very High"))) -> Medium | P47: =IF(M47="Y","Approved","Rejected") -> Approved | Q47: =IF(K47=1,"Low Risk","High Risk") -> Low Risk
A48: LP001138 | B48: Male | C48: Yes | D48: 1 | E48: Graduate | F48: No | G48: 5649 | H48: 0 | I48: 44 | J48: 360 | K48: 1 | L48: Urban | M48: Y | N48: =G48+H48 -> 5649 | O48: =IF(N48<2500,"Low",IF(N48<5000,"Medium",IF(N48<10000,"High","Very High"))) -> High | P48: =IF(M48="Y","Approved","Rejected") -> Approved | Q48: =IF(K48=1,"Low Risk","High Risk") -> Low Risk
... A62: LP001205 | B62: Male | C62: Yes | D62: 0 | E62: Graduate | F62: No | G62: 2500 | H62: 3796 | I62: 120 | J62: 360 | K62: 1 | L62: Urban | M62: Y | N62: =G62+H62 -> 6296 | O62: =IF(N62<2500,"Low",IF(N62<5000,"Medium",IF(N62<10000,"High","Very High"))) -> High | P62: =IF(M62="Y","Approved","Rejected") -> Approved | Q62: =IF(K62=1,"Low Risk","High Risk") -> Low Risk
A63: LP001206 | B63: Male | C63: Yes | D63: 3+ | E63: Graduate | F63: No | G63: 3029 | H63: 0 | I63: 99 | J63: 360 | K63: 1 | L63: Urban | M63: Y | N63: =G63+H63 -> 3029 | O63: =IF(N63<2500,"Low",IF(N63<5000,"Medium",IF(N63<10000,"High","Very High"))) -> Medium | P63: =IF(M63="Y","Approved","Rejected") -> Approved | Q63: =IF(K63=1,"Low Risk","High Risk") -> Low Risk
A64: LP001207 | B64: Male | C64: Yes | D64: 0 | E64: Not Graduate | F64: Yes | G64: 2609 | H64: 3449 | I64: 165 | J64: 180 | K64: 0 | L64: Rural | M64: N | N64: =G64+H64 -> 6058 | O64: =IF(N64<2500,"Low",IF(N64<5000,"Medium",IF(N64<10000,"High","Very High"))) -> High | P64: =IF(M64="Y","Approved","Rejected") -> Rejected | Q64: =IF(K64=1,"Low Risk","High Risk") -> High Risk
A65: LP001213 | B65: Male | C65: Yes | D65: 1 | E65: Graduate | F65: No | G65: 4945 | H65: 0 | I65: 128 | J65: 360 | K65: 0 | L65: Rural | M65: N | N65: =G65+H65 -> 4945 | O65: =IF(N65<2500,"Low",IF(N65<5000,"Medium",IF(N65<10000,"High","Very High"))) -> Medium | P65: =IF(M65="Y","Approved","Rejected") -> Rejected | Q65: =IF(K65=1,"Low Risk","High Risk") -> High Risk
A66: LP001222 | B66: Female | C66: No | D66: 0 | E66: Graduate | F66: No | G66: 4166 | H66: 0 | I66: 116 | J66: 360 | K66: 0 | L66: Semiurban | M66: N | N66: =G66+H66 -> 4166 | O66: =IF(N66<2500,"Low",IF(N66<5000,"Medium",IF(N66<10000,"High","Very High"))) -> Medium | P66: =IF(M66="Y","Approved","Rejected") -> Rejected | Q66: =IF(K66=1,"Low Risk","High Risk") -> High Risk
A67: LP001225 | B67: Male | C67: Yes | D67: 0 | E67: Graduate | F67: No | G67: 5726 | H67: 4595 | I67: 258 | J67: 360 | K67: 1 | L67: Semiurban | M67: N | N67: =G67+H67 -> 10321 | O67: =IF(N67<2500,"Low",IF(N67<5000,"Medium",IF(N67<10000,"High","Very High"))) -> Very High | P67: =IF(M67="Y","Approved","Rejected") -> Rejected | Q67: =IF(K67=1,"Low Risk","High Risk") -> Low Risk
A68: LP001228 | B68: Male | C68: No | D68: 0 | E68: Not Graduate | F68: No | G68: 3200 | H68: 2254 | I68: 126 | J68: 180 | K68: 0 | L68: Urban | M68: N | N68: =G68+H68 -> 5454 | O68: =IF(N68<2500,"Low",IF(N68<5000,"Medium",IF(N68<10000,"High","Very High"))) -> High | P68: =IF(M68="Y","Approved","Rejected") -> Rejected | Q68: =IF(K68=1,"Low Risk","High Risk") -> High Risk
A69: LP001233 | B69: Male | C69: Yes | D69: 1 | E69: Graduate | F69: No | G69: 10750 | H69: 0 | I69: 312 | J69: 360 | K69: 1 | L69: Urban | M69: Y | N69: =G69+H69 -> 10750 | O69: =IF(N69<2500,"Low",IF(N69<5000,"Medium",IF(N69<10000,"High","Very High"))) -> Very High | P69: =IF(M69="Y","Approved","Rejected") -> Approved | Q69: =IF(K69=1,"Low Risk","High Risk") -> Low Risk
A70: LP001238 | B70: Male | C70: Yes | D70: 3+ | E70: Not Graduate | F70: Yes | G70: 7100 | H70: 0 | I70: 125 | J70: 60 | K70: 1 | L70: Urban | M70: Y | N70: =G70+H70 -> 7100 | O70: =IF(N70<2500,"Low",IF(N70<5000,"Medium",IF(N70<10000,"High","Very High"))) -> High | P70: =IF(M70="Y","Approved","Rejected") -> Approved | Q70: =IF(K70=1,"Low Risk","High Risk") -> Low Risk
A71: LP001241 | B71: Female | C71: No | D71: 0 | E71: Graduate | F71: No | G71: 4300 | H71: 0 | I71: 136 | J71: 360 | K71: 0 | L71: Semiurban | M71: N | N71: =G71+H71 -> 4300 | O71: =IF(N71<2500,"Low",IF(N71<5000,"Medium",IF(N71<10000,"High","Very High"))) -> Medium | P71: =IF(M71="Y","Approved","Rejected") -> Rejected | Q71: =IF(K71=1,"Low Risk","High Risk") -> High Risk
A72: LP001243 | B72: Male | C72: Yes | D72: 0 | E72: Graduate | F72: No | G72: 3208 | H72: 3066 | I72: 172 | J72: 360 | K72: 1 | L72: Urban | M72: Y | N72: =G72+H72 -> 6274 | O72: =IF(N72<2500,"Low",IF(N72<5000,"Medium",IF(N72<10000,"High","Very High"))) -> High | P72: =IF(M72="Y","Approved","Rejected") -> Approved | Q72: =IF(K72=1,"Low Risk","High Risk") -> Low Risk
A73: LP001245 | B73: Male | C73: Yes | D73: 2 | E73: Not Graduate | F73: Yes | G73: 1875 | H73: 1875 | I73: 97 | J73: 360 | K73: 1 | L73: Semiurban | M73: Y | N73: =G73+H73 -> 3750 | O73: =IF(N73<2500,"Low",IF(N73<5000,"Medium",IF(N73<10000,"High","Very High"))) -> Medium | P73: =IF(M73="Y","Approved","Rejected") -> Approved | Q73: =IF(K73=1,"Low Risk","High Risk") -> Low Risk
A74: LP001248 | B74: Male | C74: No | D74: 0 | E74: Graduate | F74: No | G74: 3500 | H74: 0 | I74: 81 | J74: 300 | K74: 1 | L74: Semiurban | M74: Y | N74: =G74+H74 -> 3500 | O74: =IF(N74<2500,"Low",IF(N74<5000,"Medium",IF(N74<10000,"High","Very High"))) -> Medium | P74: =IF(M74="Y","Approved","Rejected") -> Approved | Q74: =IF(K74=1,"Low Risk","High Risk") -> Low Risk
A75: LP001250 | B75: Male | C75: Yes | D75: 3+ | E75: Not Graduate | F75: No | G75: 4755 | H75: 0 | I75: 95 | J75: 360 | K75: 0 | L75: Semiurban | M75: N | N75: =G75+H75 -> 4755 | O75: =IF(N75<2500,"Low",IF(N75<5000,"Medium",IF(N75<10000,"High","Very High"))) -> Medium | P75: =IF(M75="Y","Approved","Rejected") -> Rejected | Q75: =IF(K75=1,"Low Risk","High Risk") -> High Risk
A76: LP001253 | B76: Male | C76: Yes | D76: 3+ | E76: Graduate | F76: Yes | G76: 5266 | H76: 1774 | I76: 187 | J76: 360 | K76: 1 | L76: Semiurban | M76: Y | N76: =G76+H76 -> 7040 | O76: =IF(N76<2500,"Low",IF(N76<5000,"Medium",IF(N76<10000,"High","Very High"))) -> High | P76: =IF(M76="Y","Approved","Rejected") -> Approved | Q76: =IF(K76=1,"Low Risk","High Risk") -> Low Risk
A77: LP001255 | B77: Male | C77: No | D77: 0 | E77: Graduate | F77: No | G77: 3750 | H77: 0 | I77: 113 | J77: 480 | K77: 1 | L77: Urban | M77: N | N77: =G77+H77 -> 3750 | O77: =IF(N77<2500,"Low",IF(N77<5000,"Medium",IF(N77<10000,"High","Very High"))) -> Medium | P77: =IF(M77="Y","Approved","Rejected") -> Rejected | Q77: =IF(K77=1,"Low Risk","High Risk") -> Low Risk
A78: LP001256 | B78: Male | C78: No | D78: 0 | E78: Graduate | F78: No | G78: 3750 | H78: 4750 | I78: 176 | J78: 360 | K78: 1 | L78: Urban | M78: N | N78: =G78+H78 -> 8500 | O78: =IF(N78<2500,"Low",IF(N78<5000,"Medium",IF(N78<10000,"High","Very High"))) -> High | P78: =IF(M78="Y","Approved","Rejected") -> Rejected | Q78: =IF(K78=1,"Low Risk","High Risk") -> Low Risk
A79: LP001259 | B79: Male | C79: Yes | D79: 1 | E79: Graduate | F79: Yes | G79: 1000 | H79: 3022 | I79: 110 | J79: 360 | K79: 1 | L79: Urban | M79: N | N79: =G79+H79 -> 4022 | O79: =IF(N79<2500,"Low",IF(N79<5000,"Medium",IF(N79<10000,"High","Very High"))) -> Medium | P79: =IF(M79="Y","Approved","Rejected") -> Rejected | Q79: =IF(K79=1,"Low Risk","High Risk") -> Low Risk
A80: LP001263 | B80: Male | C80: Yes | D80: 3+ | E80: Graduate | F80: No | G80: 3167 | H80: 4000 | I80: 180 | J80: 300 | K80: 0 | L80: Semiurban | M80: N | N80: =G80+H80 -> 7167 | O80: =IF(N80<2500,"Low",IF(N80<5000,"Medium",IF(N80<10000,"High","Very High"))) -> High | P80: =IF(M80="Y","Approved","Rejected") -> Rejected | Q80: =IF(K80=1,"Low Risk","High Risk") -> High Risk
A81: LP001264 | B81: Male | C81: Yes | D81: 3+ | E81: Not Graduate | F81: Yes | G81: 3333 | H81: 2166 | I81: 130 | J81: 360 | K81: 1 | L81: Semiurban | M81: Y | N81: =G81+H81 -> 5499 | O81: =IF(N81<2500,"Low",IF(N81<5000,"Medium",IF(N81<10000,"High","Very High"))) -> High | P81: =IF(M81="Y","Approved","Rejected") -> Approved | Q81: =IF(K81=1,"Low Risk","High Risk") -> Low Risk
A82: LP001265 | B82: Female | C82: No | D82: 0 | E82: Graduate | F82: No | G82: 3846 | H82: 0 | I82: 111 | J82: 360 | K82: 1 | L82: Semiurban | M82: Y | N82: =G82+H82 -> 3846 | O82: =IF(N82<2500,"Low",IF(N82<5000,"Medium",IF(N82<10000,"High","Very High"))) -> Medium | P82: =IF(M82="Y","Approved","Rejected") -> Approved | Q82: =IF(K82=1,"Low Risk","High Risk") -> Low Risk
A83: LP001266 | B83: Male | C83: Yes | D83: 1 | E83: Graduate | F83: Yes | G83: 2395 | H83: 0 | I83: 128 | J83: 360 | K83: 1 | L83: Semiurban | M83: Y | N83: =G83+H83 -> 2395 | O83: =IF(N83<2500,"Low",IF(N83<5000,"Medium",IF(N83<10000,"High","Very High"))) -> Low | P83: =IF(M83="Y","Approved","Rejected") -> Approved | Q83: =IF(K83=1,"Low Risk","High Risk") -> Low Risk
A84: LP001267 | B84: Female | C84: Yes | D84: 2 | E84: Graduate | F84: No | G84: 1378 | H84: 1881 | I84: 167 | J84: 360 | K84: 1 | L84: Urban | M84: N | N84: =G84+H84 -> 3259 | O84: =IF(N84<2500,"Low",IF(N84<5000,"Medium",IF(N84<10000,"High","Very High"))) -> Medium | P84: =IF(M84="Y","Approved","Rejected") -> Rejected | Q84: =IF(K84=1,"Low Risk","High Risk") -> Low Risk
A85: LP001273 | B85: Male | C85: Yes | D85: 0 | E85: Graduate | F85: No | G85: 6000 | H85: 2250 | I85: 265 | J85: 360 | K85: 1 | L85: Semiurban | M85: N | N85: =G85+H85 -> 8250 | O85: =IF(N85<2500,"Low",IF(N85<5000,"Medium",IF(N85<10000,"High","Very High"))) -> High | P85: =IF(M85="Y","Approved","Rejected") -> Rejected | Q85: =IF(K85=1,"Low Risk","High Risk") -> Low Risk
A86: LP001275 | B86: Male | C86: Yes | D86: 1 | E86: Graduate | F86: No | G86: 3988 | H86: 0 | I86: 50 | J86: 240 | K86: 1 | L86: Urban | M86: Y | N86: =G86+H86 -> 3988 | O86: =IF(N86<2500,"Low",IF(N86<5000,"Medium",IF(N86<10000,"High","Very High"))) -> Medium | P86: =IF(M86="Y","Approved","Rejected") -> Approved | Q86: =IF(K86=1,"Low Risk","High Risk") -> Low Risk
A87: LP001279 | B87: Male | C87: No | D87: 0 | E87: Graduate | F87: No | G87: 2366 | H87: 2531 | I87: 136 | J87: 360 | K87: 1 | L87: Semiurban | M87: Y | N87: =G87+H87 -> 4897 | O87: =IF(N87<2500,"Low",IF(N87<5000,"Medium",IF(N87<10000,"High","Very High"))) -> Medium | P87: =IF(M87="Y","Approved","Rejected") -> Approved | Q87: =IF(K87=1,"Low Risk","High Risk") -> Low Risk
A88: LP001280 | B88: Male | C88: Yes | D88: 2 | E88: Not Graduate | F88: No | G88: 3333 | H88: 2000 | I88: 99 | J88: 360 | K88: 1 | L88: Semiurban | M88: Y | N88: =G88+H88 -> 5333 | O88: =IF(N88<2500,"Low",IF(N88<5000,"Medium",IF(N88<10000,"High","Very High"))) -> High | P88: =IF(M88="Y","Approved","Rejected") -> Approved | Q88: =IF(K88=1,"Low Risk","High Risk") -> Low Risk
A89: LP001282 | B89: Male | C89: Yes | D89: 0 | E89: Graduate | F89: No | G89: 2500 | H89: 2118 | I89: 104 | J89: 360 | K89: 1 | L89: Semiurban | M89: Y | N89: =G89+H89 -> 4618 | O89: =IF(N89<2500,"Low",IF(N89<5000,"Medium",IF(N89<10000,"High","Very High"))) -> Medium | P89: =IF(M89="Y","Approved","Rejected") -> Approved | Q89: =IF(K89=1,"Low Risk","High Risk") -> Low Risk
A90: LP001289 | B90: Male | C90: No | D90: 0 | E90: Graduate | F90: No | G90: 8566 | H90: 0 | I90: 210 | J90: 360 | K90: 1 | L90: Urban | M90: Y | N90: =G90+H90 -> 8566 | O90: =IF(N90<2500,"Low",IF(N90<5000,"Medium",IF(N90<10000,"High","Very High"))) -> High | P90: =IF(M90="Y","Approved","Rejected") -> Approved | Q90: =IF(K90=1,"Low Risk","High Risk") -> Low Risk
A91: LP001310 | B91: Male | C91: Yes | D91: 0 | E91: Graduate | F91: No | G91: 5695 | H91: 4167 | I91: 175 | J91: 360 | K91: 1 | L91: Semiurban | M91: Y | N91: =G91+H91 -> 9862 | O91: =IF(N91<2500,"Low",IF(N91<5000,"Medium",IF(N91<10000,"High","Very High"))) -> High | P91: =IF(M91="Y","Approved","Rejected") -> Approved | Q91: =IF(K91=1,"Low Risk","High Risk") -> Low Risk
A92: LP001316 | B92: Male | C92: Yes | D92: 0 | E92: Graduate | F92: No | G92: 2958 | H92: 2900 | I92: 131 | J92: 360 | K92: 1 | L92: Semiurban | M92: Y | N92: =G92+H92 -> 5858 | O92: =IF(N92<2500,"Low",IF(N92<5000,"Medium",IF(N92<10000,"High","Very High"))) -> High | P92: =IF(M92="Y","Approved","Rejected") -> Approved | Q92: =IF(K92=1,"Low Risk","High Risk") -> Low Risk
A93: LP001318 | B93: Male | C93: Yes | D93: 2 | E93: Graduate | F93: No | G93: 6250 | H93: 5654 | I93: 188 | J93: 180 | K93: 1 | L93: Semiurban | M93: Y | N93: =G93+H93 -> 11904 | O93: =IF(N93<2500,"Low",IF(N93<5000,"Medium",IF(N93<10000,"High","Very High"))) -> Very High | P93: =IF(M93="Y","Approved","Rejected") -> Approved | Q93: =IF(K93=1,"Low Risk","High Risk") -> Low Risk
... A96: LP001325 | B96: Male | C96: No | D96: 0 | E96: Not Graduate | F96: No | G96: 3620 | H96: 0 | I96: 25 | J96: 120 | K96: 1 | L96: Semiurban | M96: Y | N96: =G96+H96 -> 3620 | O96: =IF(N96<2500,"Low",IF(N96<5000,"Medium",IF(N96<10000,"High","Very High"))) -> Medium | P96: =IF(M96="Y","Approved","Rejected") -> Approved | Q96: =IF(K96=1,"Low Risk","High Risk") -> Low Risk
A97: LP001326 | B97: Male | C97: No | D97: 0 | E97: Graduate | G97: 6782 | H97: 0 | I97: 128 | J97: 360 | K97: 1 | L97: Urban | M97: N | N97: =G97+H97 -> 6782 | O97: =IF(N97<2500,"Low",IF(N97<5000,"Medium",IF(N97<10000,"High","Very High"))) -> High | P97: =IF(M97="Y","Approved","Rejected") -> Rejected | Q97: =IF(K97=1,"Low Risk","High Risk") -> Low Risk
A98: LP001327 | B98: Female | C98: Yes | D98: 0 | E98: Graduate | F98: No | G98: 2484 | H98: 2302 | I98: 137 | J98: 360 | K98: 1 | L98: Semiurban | M98: Y | N98: =G98+H98 -> 4786 | O98: =IF(N98<2500,"Low",IF(N98<5000,"Medium",IF(N98<10000,"High","Very High"))) -> Medium | P98: =IF(M98="Y","Approved","Rejected") -> Approved | Q98: =IF(K98=1,"Low Risk","High Risk") -> Low Risk
A99: LP001333 | B99: Male | C99: Yes | D99: 0 | E99: Graduate | F99: No | G99: 1977 | H99: 997 | I99: 50 | J99: 360 | K99: 1 | L99: Semiurban | M99: Y | N99: =G99+H99 -> 2974 | O99: =IF(N99<2500,"Low",IF(N99<5000,"Medium",IF(N99<10000,"High","Very High"))) -> Medium | P99: =IF(M99="Y","Approved","Rejected") -> Approved | Q99: =IF(K99=1,"Low Risk","High Risk") -> Low Risk
A100: LP001334 | B100: Male | C100: Yes | D100: 0 | E100: Not Graduate | F100: No | G100: 4188 | H100: 0 | I100: 115 | J100: 180 | K100: 1 | L100: Semiurban | M100: Y | N100: =G100+H100 -> 4188 | O100: =IF(N100<2500,"Low",IF(N100<5000,"Medium",IF(N100<10000,"High","Very High"))) -> Medium | P100: =IF(M100="Y","Approved","Rejected") -> Approved | Q100: =IF(K100=1,"Low Risk","High Risk") -> Low Risk
A101: LP001343 | B101: Male | C101: Yes | D101: 0 | E101: Graduate | F101: No | G101: 1759 | H101: 3541 | I101: 131 | J101: 360 | K101: 1 | L101: Semiurban | M101: Y | N101: =G101+H101 -> 5300 | O101: =IF(N101<2500,"Low",IF(N101<5000,"Medium",IF(N101<10000,"High","Very High"))) -> High | P101: =IF(M101="Y","Approved","Rejected") -> Approved | Q101: =IF(K101=1,"Low Risk","High Risk") -> Low Risk
A102: LP001345 | B102: Male | C102: Yes | D102: 2 | E102: Not Graduate | F102: No | G102: 4288 | H102: 3263 | I102: 133 | J102: 180 | K102: 1 | L102: Urban | M102: Y | N102: =G102+H102 -> 7551 | O102: =IF(N102<2500,"Low",IF(N102<5000,"Medium",IF(N102<10000,"High","Very High"))) -> High | P102: =IF(M102="Y","Approved","Rejected") -> Approved | Q102: =IF(K102=1,"Low Risk","High Risk") -> Low Risk
A103: LP001349 | B103: Male | C103: No | D103: 0 | E103: Graduate | F103: No | G103: 4843 | H103: 3806 | I103: 151 | J103: 360 | K103: 1 | L103: Semiurban | M103: Y | N103: =G103+H103 -> 8649 | O103: =IF(N103<2500,"Low",IF(N103<5000,"Medium",IF(N103<10000,"High","Very High"))) -> High | P103: =IF(M103="Y","Approved","Rejected") -> Approved | Q103: =IF(K103=1,"Low Risk","High Risk") -> Low Risk
A104: LP001350 | B104: Male | C104: Yes | D104: 0 | E104: Graduate | F104: No | G104: 13650 | H104: 0 | I104: 128 | J104: 360 | K104: 1 | L104: Urban | M104: Y | N104: =G104+H104 -> 13650 | O104: =IF(N104<2500,"Low",IF(N104<5000,"Medium",IF(N104<10000,"High","Very High"))) -> Very High | P104: =IF(M104="Y","Approved","Rejected") -> Approved | Q104: =IF(K104=1,"Low Risk","High Risk") -> Low Risk
A105: LP001356 | B105: Male | C105: Yes | D105: 0 | E105: Graduate | F105: No | G105: 4652 | H105: 3583 | I105: 128 | J105: 360 | K105: 1 | L105: Semiurban | M105: Y | N105: =G105+H105 -> 8235 | O105: =IF(N105<2500,"Low",IF(N105<5000,"Medium",IF(N105<10000,"High","Very High"))) -> High | P105: =IF(M105="Y","Approved","Rejected") -> Approved | Q105: =IF(K105=1,"Low Risk","High Risk") -> Low Risk
A106: LP001357 | B106: Male | C106: Yes | D106: 0 | E106: Graduate | F106: No | G106: 3816 | H106: 754 | I106: 160 | J106: 360 | K106: 1 | L106: Urban | M106: Y | N106: =G106+H106 -> 4570 | O106: =IF(N106<2500,"Low",IF(N106<5000,"Medium",IF(N106<10000,"High","Very High"))) -> Medium | P106: =IF(M106="Y","Approved","Rejected") -> Approved | Q106: =IF(K106=1,"Low Risk","High Risk") -> Low Risk
A107: LP001367 | B107: Male | C107: Yes | D107: 1 | E107: Graduate | F107: No | G107: 3052 | H107: 1030 | I107: 100 | J107: 360 | K107: 1 | L107: Urban | M107: Y | N107: =G107+H107 -> 4082 | O107: =IF(N107<2500,"Low",IF(N107<5000,"Medium",IF(N107<10000,"High","Very High"))) -> Medium | P107: =IF(M107="Y","Approved","Rejected") -> Approved | Q107: =IF(K107=1,"Low Risk","High Risk") -> Low Risk
A108: LP001369 | B108: Male | C108: Yes | D108: 2 | E108: Graduate | F108: No | G108: 11417 | H108: 1126 | I108: 225 | J108: 360 | K108: 1 | L108: Urban | M108: Y | N108: =G108+H108 -> 12543 | O108: =IF(N108<2500,"Low",IF(N108<5000,"Medium",IF(N108<10000,"High","Very High"))) -> Very High | P108: =IF(M108="Y","Approved","Rejected") -> Approved | Q108: =IF(K108=1,"Low Risk","High Risk") -> Low Risk
A109: LP001370 | B109: Male | C109: No | D109: 0 | E109: Not Graduate | G109: 7333 | H109: 0 | I109: 120 | J109: 360 | K109: 1 | L109: Rural | M109: N | N109: =G109+H109 -> 7333 | O109: =IF(N109<2500,"Low",IF(N109<5000,"Medium",IF(N109<10000,"High","Very High"))) -> High | P109: =IF(M109="Y","Approved","Rejected") -> Rejected | Q109: =IF(K109=1,"Low Risk","High Risk") -> Low Risk
A110: LP001379 | B110: Male | C110: Yes | D110: 2 | E110: Graduate | F110: No | G110: 3800 | H110: 3600 | I110: 216 | J110: 360 | K110: 0 | L110: Urban | M110: N | N110: =G110+H110 -> 7400 | O110: =IF(N110<2500,"Low",IF(N110<5000,"Medium",IF(N110<10000,"High","Very High"))) -> High | P110: =IF(M110="Y","Approved","Rejected") -> Rejected | Q110: =IF(K110=1,"Low Risk","High Risk") -> High Risk
A111: LP001384 | B111: Male | C111: Yes | D111: 3+ | E111: Not Graduate | F111: No | G111: 2071 | H111: 754 | I111: 94 | J111: 480 | K111: 1 | L111: Semiurban | M111: Y | N111: =G111+H111 -> 2825 | O111: =IF(N111<2500,"Low",IF(N111<5000,"Medium",IF(N111<10000,"High","Very High"))) -> Medium | P111: =IF(M111="Y","Approved","Rejected") -> Approved | Q111: =IF(K111=1,"Low Risk","High Risk") -> Low Risk
A112: LP001385 | B112: Male | C112: No | D112: 0 | E112: Graduate | F112: No | G112: 5316 | H112: 0 | I112: 136 | J112: 360 | K112: 1 | L112: Urban | M112: Y | N112: =G112+H112 -> 5316 | O112: =IF(N112<2500,"Low",IF(N112<5000,"Medium",IF(N112<10000,"High","Very High"))) -> High | P112: =IF(M112="Y","Approved","Rejected") -> Approved | Q112: =IF(K112=1,"Low Risk","High Risk") -> Low Risk
A113: LP001387 | B113: Female | C113: Yes | D113: 0 | E113: Graduate | G113: 2929 | H113: 2333 | I113: 139 | J113: 360 | K113: 1 | L113: Semiurban | M113: Y | N113: =G113+H113 -> 5262 | O113: =IF(N113<2500,"Low",IF(N113<5000,"Medium",IF(N113<10000,"High","Very High"))) -> High | P113: =IF(M113="Y","Approved","Rejected") -> Approved | Q113: =IF(K113=1,"Low Risk","High Risk") -> Low Risk
A114: LP001391 | B114: Male | C114: Yes | D114: 0 | E114: Not Graduate | F114: No | G114: 3572 | H114: 4114 | I114: 152 | J114: 360 | K114: 0 | L114: Rural | M114: N | N114: =G114+H114 -> 7686 | O114: =IF(N114<2500,"Low",IF(N114<5000,"Medium",IF(N114<10000,"High","Very High"))) -> High | P114: =IF(M114="Y","Approved","Rejected") -> Rejected | Q114: =IF(K114=1,"Low Risk","High Risk") -> High Risk
A115: LP001392 | B115: Female | C115: No | D115: 1 | E115: Graduate | F115: Yes | G115: 7451 | H115: 0 | I115: 128 | J115: 360 | K115: 1 | L115: Semiurban | M115: Y | N115: =G115+H115 -> 7451 | O115: =IF(N115<2500,"Low",IF(N115<5000,"Medium",IF(N115<10000,"High","Very High"))) -> High | P115: =IF(M115="Y","Approved","Rejected") -> Approved | Q115: =IF(K115=1,"Low Risk","High Risk") -> Low Risk
...

Sheet Data_Quality
A1: Column | B1: Missing Count | C1: {=INDEX(Loan_Data!B2:B615,MATCH(MAX(COUNTIF(Loan_Data!B2:B615,Loan_Data!B2:B615)),COUNTIF(Loan_Data!B2:B615,Loan_Data!B2:B615),0))} -> Male | D1: {=MEDIAN(Loan_Data!I2:I615)} -> 128
A2: Gender | B2: =COUNTBLANK(Loan_Data!B2:B615) -> 0 | C2: {=INDEX(Loan_Data!C2:C615,MATCH(MAX(COUNTIF(Loan_Data!C2:C615,Loan_Data!C2:C615)),COUNTIF(Loan_Data!C2:C615,Loan_Data!C2:C615),0))} -> Yes | D2: {=MEDIAN(Loan_Data!J2:J615)} -> 360
A3: Married | B3: =COUNTBLANK(Loan_Data!C2:C615) -> 0 | C3: {=INDEX(Loan_Data!D2:D615,MATCH(MAX(COUNTIF(Loan_Data!D2:D615,Loan_Data!D2:D615)),COUNTIF(Loan_Data!D2:D615,Loan_Data!D2:D615),0))} -> 0 | D3: {=INDEX(Loan_Data!K2:K615,MATCH(MAX(COUNTIF(Loan_Data!K2:K615,Loan_Data!K2:K615)),COUNTIF(Loan_Data!K2:K615,Loan_Data!K2:K615),0))} -> 1
A4: Dependents | B4: =COUNTBLANK(Loan_Data!D2:D615) -> 0
A5: Self_Employed | B5: =COUNTBLANK(Loan_Data!G2:G615) -> 0
A6: LoanAmount | B6: =COUNTBLANK(Loan_Data!I2:I615) -> 0
A7: Loan_Amount_Term | B7: =COUNTBLANK(Loan_Data!J2:J615) -> 0
A8: Credit_History | B8: =COUNTBLANK(Loan_Data!K2:K615) -> 0

Sheet KPIs
A1: Total Applications | B1: {=COUNTA(Loan_Data!A2:A615)} -> 614
A2: Total Applroved | B2: {=COUNTIF(Loan_Data!M2:M615, "Y")} -> 422
A3: Total Rejected | B3: {=COUNTIF(Loan_Data!M2:M615,"N")} -> 192
A4: Approval Rate % | B4: {=B2/B1*100} -> 68.729642
A5: Avg Loan Amount | B5: {=AVERAGE(Loan_Data!I2:I615)} -> 145.75244
A6: Avg Applicant Income | B6: {=AVERAGE(Loan_Data!G2:G615)} -> 5403.4593
A7: Good Credit History % | B7: {=COUNTIF(Loan_Data!K2:K615,1)/B1*100} -> 85.504886
A8: Self Employed % | B8: {=COUNTIF(Loan_Data!F2:F615,"Yes")/B1*100} -> 13.355049

Sheet Pivot_Analysis
A1: Count of Loan_ID | B1: Column Labels | F1: Row Labels | G1: Average of LoanAmount | K1: Row Labels | L1: Average of Total_Income
A2: Row Labels | B2: N | C2: Y | D2: Grand Total | F2: Rural | G2: 151.44693 | K2: Approved | L2: 6888.5851
A3: Graduate | B3: 140 | C3: 340 | D3: 480 | F3: Semiurban | G3: 145.12876 | K3: Rejected | L3: 7323.8854
A4: Not Graduate | B4: 52 | C4: 82 | D4: 134 | F4: Urban | G4: 141.42574 | K4: Grand Total | L4: 7024.7051
A5: Grand Total | B5: 192 | C5: 422 | D5: 614 | F5: Grand Total | G5: 145.75244
A8: Count of Loan_ID | B8: Column Labels | F8: Count of Loan_ID | G8: Column Labels
A9: Row Labels | B9: N | C9: Y | D9: Grand Total | F9: Row Labels | G9: N | H9: Y | I9: Grand Total
A10: Rural | B10: 69 | C10: 110 | D10: 179 | F10: 0 | G10: 82 | H10: 7 | I10: 89
A11: Semiurban | B11: 54 | C11: 179 | D11: 233 | F11: 1 | G11: 110 | H11: 415 | I11: 525
A12: Urban | B12: 69 | C12: 133 | D12: 202 | F12: Grand Total | G12: 192 | H12: 422 | I12: 614
A13: Grand Total | B13: 192 | C13: 422 | D13: 614
